lng,lat,price
113.980836777953,22.566142254795,66.0
113.940525211308,22.6862052598878,65.5
113.95719800411,22.5765118283363,65.5
114.24457109293,22.5648408102711,75.0
113.950722665736,22.5588877510826,65.5
114.241317401629,22.5589990603263,75.0
113.97225969676,22.5490037129604,65.5
113.956573538052,22.5627735077314,65.5
113.895660567915,22.5000119233833,66.0
113.923977803989,22.5437860995949,66.0
113.930859554515,22.5248636906434,65.5
113.935843611296,22.519087000679,65.5
113.977909038602,22.5479724310799,65.5
113.931428439716,22.5061687130557,66.0
113.936514493699,22.4996256609397,66.0
113.923645598933,22.540321415216,66.0
113.92473190182,22.5245541889304,65.5
113.898481737691,22.4981900986281,66.0
113.974968421143,22.5460394638191,65.5
113.937337700868,22.497728920198,66.0
113.927139030908,22.4941624669753,66.0
113.93567688759,22.5159201164617,65.0
113.94205574693,22.5157856773782,65.5
114.019649276618,22.5422096257037,66.5
113.99866008452,22.5445896135667,67.5
113.935839142226,22.4930831267728,66.0
113.919142922515,22.5248894876791,65.5
113.945311875335,22.5480858154297,66.5
113.982009250796,22.5647073449243,66.0
114.156395293242,22.5819344788478,68.0
114.131407227026,22.5429361050784,67.0
113.943441614942,22.5239495360594,65.5
113.956744570929,22.5510130545882,65.5
114.147122731579,22.5829932950536,66.0
114.131744697949,22.549270134625,66.5
113.935399270764,22.5259613413852,65.5
114.04213561073,22.7563792952752,70.0
114.422742132399,22.6414407060529,75.0
114.072883627376,22.711660071995,66.5
114.124153601375,22.6064932325456,66.0
114.072996896515,22.6622997110033,65.0
114.226377185934,22.635398280659,66.5
114.264097001048,22.7380284355305,67.0
114.154966375968,22.6255834838843,69.0
114.027229172221,22.6526549643723,66.0
113.896632665629,22.7889219689206,66.0
114.244292079239,22.7010356427446,67.0
114.12149281776,22.6315405076403,67.0
114.195532954479,22.6417147970367,68.5
114.345418821992,22.689403355188,70.0
114.063832661281,22.6301004227929,66.5
114.071717684316,22.6639167291901,65.5
114.378843000345,22.7506640039026,70.0
114.073801635421,22.7227256081329,67.0
114.229981802978,22.6413803215711,67.0
114.309587840635,22.7764075422069,73.0
113.905761364795,22.5870653356629,66.0
114.147487353786,22.6933957055509,69.0
114.058613751507,22.6040496991942,66.0
114.06791620901,22.6376363999893,65.5
114.07477225632,22.6578852114526,65.5
114.157260801849,22.6178181688603,67.5
114.422742132399,22.6414407060529,75.0
114.300806526091,22.7813987573364,73.0
114.27771560183,22.7229412237494,67.0
114.22093326141,22.6747071093467,67.0
114.026397428454,22.6628381443602,65.0
114.079493396147,22.6577697242095,65.5
114.210092791689,22.6569132739748,66.0
113.818449251052,22.7385903883485,66.5
114.32225700256,22.7163633127048,70.0
114.04663858269,22.5233140084978,66.5
114.212454874348,22.6530142206891,66.0
114.083134154717,22.5331754025637,66.5
114.130362976515,22.5995590515513,66.5
113.936624148954,22.6502783683962,68.5
114.285890066086,22.7378203776219,65.5
113.818449251052,22.7385903883485,66.5
113.995040147773,22.7430010931667,71.0
114.044819584999,22.6349541735094,66.0
114.026239909685,22.7513933784059,70.0
114.152415879117,22.6155646326245,67.0
114.000085031516,22.6844700633893,66.0
114.020001901954,22.6651428008973,65.5
113.81707837037,22.6933155162664,66.0
113.851361212011,22.7560020308019,66.5
113.831291899127,22.7333561925431,66.0
113.917004348147,22.7778578024144,70.0
113.8079954237,22.7059717485156,66.5
113.972689897065,22.7046649683488,70.0
114.053593678065,22.6520496098925,65.5
114.061619587743,22.7213341121282,67.0
113.834786135085,22.6800886065083,70.0
113.816054302089,22.7087497447993,66.0
113.868531174692,22.607669788426,65.5
114.061381858376,22.7271036717407,67.0
113.832938493127,22.6795558910636,65.5
113.822362023717,22.675097731447,65.5
113.831291899127,22.7333561925431,66.0
114.038058741903,22.611775078928,66.0
114.066647673172,22.7300665719473,66.5
113.929912549169,22.6523537636241,70.0
114.065237460183,22.7136525650851,66.0
113.89007789741,22.5607343074643,70.0
113.825705157502,22.6734335276973,65.0
114.125910235104,22.5915549765801,67.5
113.923561080063,22.6705219973773,70.0
113.844902563379,22.7003870654451,66.0
113.906894768535,22.5635036060249,65.5
113.930013135693,22.7074327930824,68.5
113.851360434976,22.6335574972806,70.5
113.896166355239,22.5641925131759,65.5
114.038411728358,22.6691926689555,66.5
113.855062769694,22.5962807681237,66.5
113.81156753556,22.6851882278014,67.0
114.096776550712,22.7070081399144,66.0
114.068783000165,22.7303490034601,67.0
113.869894332642,22.6076110049139,65.5
113.91327495018,22.5848807593367,66.0
113.894562979616,22.5609901044042,65.5
114.280464023231,22.7356517809663,65.0
113.888016568333,22.5819431420697,66.5
113.907183429129,22.5829728906449,65.5
113.919110416432,22.5413895409741,66.0
113.855116111075,22.7704017692631,66.0
113.665172812936,23.1676903546272,75.0
113.387590060323,23.1654980452292,65.5
113.338711283964,23.1593359975333,65.5
113.419959772635,23.1687891455769,66.5
113.350618568732,23.1284929476215,65.0
113.416260868546,23.1307022473192,65.5
113.389486698559,23.1382207893585,65.0
113.597485671544,23.1861168487634,75.0
113.411547026554,23.1240189591638,65.0
113.372836112767,23.1381658955335,65.5
113.406846999602,23.1996730122491,68.5
113.361124926295,23.1224808721127,65.5
113.374908952731,23.2001391478776,65.5
113.548436650122,23.1012502166771,68.0
113.561445341886,23.1248664643703,69.0
113.492884574249,23.1087118142391,66.5
113.408115078202,23.1243156395216,65.0
113.337954403182,23.1675143840217,66.0
113.390007969091,23.1354420411307,65.0
113.331549452559,23.1368057684525,65.0
113.42048908658,23.1159303246968,66.0
113.343334634253,23.1618940670467,66.0
113.453448444076,23.1097973945641,66.0
113.453481189203,23.1097580892894,66.0
113.449201701942,23.1909047341958,73.0
113.492884574249,23.1087118142391,66.5
113.484963504791,23.0998282189715,65.5
113.429744979892,23.0797894313979,70.5
113.544217136668,23.1181011943149,67.0
113.492884574249,23.1087118142391,66.5
113.487241158411,23.1011247274453,65.5
113.515291376765,23.1487229407005,73.5
113.289293329367,23.0479763966089,69.0
113.278240859545,23.1111406826233,66.0
113.416799529649,22.9345907957979,70.0
113.347511423398,23.3969086250469,75.0
113.531677147482,23.0913807065672,70.0
113.300569151175,23.2156529919026,66.0
113.442775215343,22.9609932512206,66.5
113.256333074606,23.2128091257282,65.5
113.331306286413,23.2945140830139,69.0
113.204265310992,23.2374577140508,70.0
113.360399252647,23.3718457592623,74.5
113.410598974178,23.3862789522872,74.0
113.319993212109,23.2577840626908,65.5
113.204206100083,23.0802913180246,67.5
113.256333074606,23.2128091257282,65.5
113.264093640781,23.2523133871887,66.5
113.273631743806,23.2617120579038,65.5
113.248217962292,23.1965714623088,65.0
113.223460705564,23.233763172406,67.5
113.857589590804,22.604959707051,66.0
113.583522613719,22.7503426275261,70.0
113.218596106348,23.112957963072,67.0
113.27575799971,23.1317590111482,65.0
113.288511874539,23.1404538960516,65.5
113.422445466624,23.1288238498394,65.5
113.372836112767,23.1381658955335,65.5
113.303714558036,23.135343036366,65.0
113.293760883836,23.1441611874437,65.5
113.308793343828,23.1350887199493,65.0
113.350269600398,23.1291226806063,65.5
113.350753117381,23.1355991942272,65.5
113.463408611086,22.8914003692739,69.5
113.339825712796,23.1324472006173,65.5
113.391320724901,23.1378221906984,65.0
113.334185837298,23.1370846778693,65.0
113.347128721895,23.1996540489449,65.5
113.418328010558,23.1628186802684,66.0
113.33624247722,23.1621334712159,65.5
113.359043890192,23.1745217883214,66.5
113.373441000257,23.1396300112367,65.0
113.512806615216,22.8292607570027,75.0
113.563484892444,22.7740343384781,74.5
113.567051785148,22.7609687421639,75.0
113.259724537227,23.06873265818,67.0
113.214808316726,23.3804385369808,70.0
113.259826043953,23.0683224425615,67.0
113.553841124661,22.8066172363972,66.5
113.554093517069,22.8080831187483,66.5
113.552166166666,22.807546702812,70.0
113.582300593937,22.7515565254918,70.0
113.493320018744,22.7372249570996,75.0
113.583011167968,22.7514939634161,70.0
113.492884574249,23.1087118142391,67.0
113.225977000331,23.1438110113331,66.0
113.18650320598,23.452313317277,70.0
113.28750899998,23.3387320144502,68.0
113.159491967779,23.4663327934283,70.0
113.225830285482,23.1421736666503,66.0
113.178884764987,23.374775772357,70.5
113.162317292602,23.4707976950687,70.0
113.251180512779,23.1369726166487,66.0
113.281831122566,23.4567319436188,70.5
113.216877071196,23.3928644657187,65.0
113.190665542288,23.4594832741594,70.0
113.552891213297,22.7102301705629,75.0
113.156847690528,23.466897437603,70.0
113.221447149273,23.3948402819022,70.0
113.111064901651,23.3388714432594,75.0
113.228661761516,23.4739306979279,75.0
113.255981176897,23.415362495971,70.0
113.214823185478,23.3962014611059,65.5
113.218564358435,23.4049935441326,70.0
113.288290696452,23.0756222678072,66.0
113.207607097319,23.3724341706871,70.0
113.208056767498,23.425831172849,70.0
113.25153069652,23.3984107824574,70.0
113.209449233563,23.3895943664696,70.0
113.209090840207,23.4038021496939,70.0
113.209232887461,23.3950883145195,70.0
113.239735000161,23.0969280105105,66.0
113.212755376026,23.4084128090178,70.0
113.337875769111,23.0918714635254,65.0
113.221447149273,23.3948402819022,70.0
113.340585953241,23.0953786446699,65.5
113.169637572138,23.4064905563046,71.5
113.272654115225,23.1002261378906,65.5
113.268162269676,23.1140539351209,66.0
113.205743562539,23.4260402551923,70.0
113.361995204673,23.0914437936008,66.5
113.323263141182,23.0725067756973,66.0
113.314500058647,23.0987470300923,65.0
113.361821053777,23.0922354401604,66.5
113.309217218266,23.0922576316007,65.5
113.356352889423,23.0781382751711,66.5
113.357390647834,23.0720749507871,67.0
113.332467287231,23.0868626906769,65.0
113.279266420157,23.0934910827144,65.5
113.328379781568,23.0888786540514,65.0
113.343204462598,23.0869086308023,65.5
113.333841266126,23.0876292287885,65.0
113.322619933776,23.0688473269984,66.5
113.399594747459,23.0140365266132,68.0
113.339986287601,23.0830827872767,65.5
113.289293329367,23.0479763966089,69.0
113.333797010249,23.0923158175952,65.0
113.364357668065,22.941040742845,65.0
113.321480990538,23.0960712672027,65.5
113.325271269013,23.0191955713843,65.5
113.419107833613,22.814592396584,75.0
113.418650592067,22.9663956802127,67.0
113.416799529649,22.9345907957979,70.0
113.405244729793,22.9910604358432,70.5
113.442038240113,22.9617871362599,66.0
113.461447492481,22.889927928137,72.0
113.357449441031,23.0217001615757,68.0
113.414159872993,22.8100654032477,75.0
113.320175523213,23.0074313211394,67.0
113.371203549402,22.9419492749117,65.5
113.404493207404,22.9442835155064,65.0
113.35658051101,22.9648193856445,66.5
113.416799529649,22.9345907957979,70.0
113.322274897324,22.9803507142826,66.0
113.423847297525,22.9570529358364,67.0
113.408129594819,22.9685945194393,65.5
113.345148218755,22.954544920309,66.5
113.37549023365,22.9226513421145,68.0
113.36044210182,22.9422816695258,65.0
113.365905849252,22.9532139767131,65.5
113.368049181045,22.9543575536001,65.5
113.404437697513,22.9677616002698,65.5
113.35841800032,22.9541090079089,65.5
113.360734032246,22.9400120209537,65.0
113.269913812089,23.0539947236249,69.0
113.360686171427,22.9428917947507,65.0
113.598866296147,23.5552806571256,70.0
113.403309240742,22.9454816134881,65.0
113.382774251672,22.9695087864523,67.5
113.580384782268,23.5634113272119,70.0
113.431395570977,23.625476281953,70.0
113.601878162707,23.5603869306323,70.0
113.592683288069,23.5443598586509,70.0
113.592693395803,23.5445699394393,70.0
113.596300622424,23.5507963621779,70.0
113.592775572791,23.5496608593721,70.0
113.264376444648,23.2315862158006,66.5
113.59466398704,23.5565433531905,70.0
113.602250999917,23.5509090172857,70.0
113.284509235392,23.451655228992,70.0
113.283053118991,23.2141768895224,65.5
113.30125296199,23.3433234671707,66.5
113.589514390519,23.5584065115483,70.0
113.311197191406,23.2410397884986,65.5
113.282908079482,23.1726853608924,67.5
113.25790735052,23.1791674407324,65.5
113.274368000391,23.2290590127881,66.0
113.259458632508,23.1991462436325,65.5
113.284813628909,23.21375407025,65.5
113.3157819451,23.2539606231786,65.5
113.250263998616,23.2138522396319,65.5
113.286259611525,23.2169617302372,65.0
113.331306286413,23.2945140830139,69.0
113.277071510111,23.2418876586757,66.0
113.311166428036,23.2422595225982,65.5
113.23346030743,23.1836503160286,65.0
113.238775254148,23.1990704508838,65.5
113.283780707827,23.2370947579221,65.5
113.33669812113,23.1871881251048,66.0
113.249281992413,23.2203504832305,66.0
113.233372520524,23.2184431225644,65.0
113.264933810878,23.2127790884372,65.5
113.309807315155,23.2278329763257,65.5
113.246117778807,23.1780159610261,65.0
113.282637918591,23.2205046444513,65.5
113.236325834633,23.1862330842068,65.0
113.331306286413,23.2945140830139,69.0
113.227692632702,23.1589895713282,65.5
113.28101500123,23.2139486173374,65.5
113.248234670775,23.1788683820703,65.0
113.232305309581,23.2187216190125,65.0
113.236867505669,23.2179401249466,65.5
113.331306286413,23.2945140830139,69.0
113.264376444648,23.2315862158006,66.5
113.283056999671,23.2315970128017,65.5
113.239681806102,23.153345169411,66.0
113.264474385999,23.2127106445265,65.5
113.236085547791,23.2213710444092,65.5
113.322414943153,23.1728152741435,66.0
113.335895625293,23.206365215514,65.5
113.279566039833,23.2363716469651,65.5
113.24107025225,23.1953868141147,65.0
113.309597291327,23.2262087621914,65.5
113.229730924734,23.1570952030703,65.5
113.267647183093,23.1618569962278,65.5
113.25493629847,23.1564503764983,66.5
114.067579305816,22.6389990620084,65.5
113.919528084477,22.5192435219873,65.5
113.873589422526,22.6705773556367,72.5
113.972902100183,22.5878132063265,66.5
114.118813432035,22.5720465259862,66.0
113.959148610744,22.5824326423416,65.5
113.834786135085,22.6800886065083,65.5
113.989355615712,22.5635259004334,66.0
113.397404768457,23.0121795664196,68.0
113.945959701828,22.6873086955968,65.0
113.235560013017,23.2177188982725,65.5
113.301097836307,23.2737321369292,66.0
113.362141773997,23.3008098153715,65.5
113.278165851035,23.2617227071835,65.5
114.025973657322,22.5460535462053,66.5
113.225451178099,23.1431172149711,66.0
113.362121549546,23.300429499058,65.5
113.334818026987,23.199247592595,65.5
113.65815243231,23.0970508132233,68.0
113.660440161324,23.1292895501859,75.0
114.071911743459,22.6415353446723,65.5
113.315793623072,23.0309814250994,65.0
113.32124534938,22.9798450837371,66.0
113.274983579513,23.1320667530002,65.0
113.27520379821,23.129749076947,65.0
113.44558975742,22.9626785886346,66.0
113.301162220558,23.1285800369406,65.5
113.300500023872,23.1424679663343,65.0
113.349796552716,23.1824607136605,66.0
113.593355832336,22.7766539600848,75.0
113.61298488569,22.6494630437426,75.0
113.327461284846,23.1389117583799,65.0
113.329808547261,23.123828970428,65.5
113.553916809104,22.8083933706056,72.0
113.293760883836,23.1441611874437,65.5
113.521871138538,22.8277143535964,74.0
113.304810722521,23.1356204334411,65.0
113.258166227795,23.127426434224,65.0
113.220175512121,23.4466609971413,75.0
113.275790383623,23.0806820394645,66.0
113.163008025374,23.4743092941471,75.0
113.253472000303,23.120114010906,65.5
113.328650207459,23.4418427444799,72.0
113.256925866412,23.378032945333,75.0
113.330027902687,23.4422022951455,72.0
113.239851353182,23.4032988937471,75.0
113.425450543792,23.4311596868872,75.0
113.314598833626,23.0303004946802,65.0
113.329363505152,22.9747908619712,66.0
113.395322940947,23.0133503923012,68.0
113.461447492481,22.889927928137,72.0
113.34507674867,22.842244770478,73.0
113.17289253005,23.4644497271334,75.0
113.317861522355,23.0276837498034,65.0
113.497229597034,22.9755619199802,75.0
113.349896587119,22.8399689196883,73.5
113.350763623513,22.9122911460487,75.0
113.320897653944,23.0274921446275,65.0
113.360998992846,22.9505863015384,65.5
113.33540875269,22.9728433412892,65.5
113.442775215343,22.9609932512206,72.0
113.406359711981,22.9628339452883,65.5
113.406340583464,22.9537741327476,65.5
113.597955232004,23.5419698533912,75.0
113.406527119341,22.9429413696911,65.0
113.409663520219,22.8944532099976,70.0
113.331499140264,23.0161960097444,65.5
113.214927947664,23.156559482763,66.5
113.37569955141,22.9564903004594,65.5
113.595113187405,23.5536667149567,75.0
113.362942086053,23.2988137457814,65.5
113.498304440238,23.4545743426997,80.0
113.292355934019,23.2516148006236,66.0
113.237639583208,23.2811907548296,75.0
113.595383667194,23.5532427964904,75.0
113.299976259658,23.2584006380005,66.0
113.595332846458,23.5538084332656,75.0
113.264351529246,23.2071763291842,65.0
113.282637918591,23.2205046444513,65.5
113.273663975906,23.2177287604034,65.5
113.186915348548,23.4580336555592,75.0
113.213463779751,23.3754397964086,75.0
113.190817204106,23.474842874825,75.0
113.17009429132,23.472901888906,75.0
113.161180117391,23.4684162918268,75.0
113.989221103445,22.5261987627598,69.5
114.116091331883,22.5552812580573,67.0
114.244500689134,22.7228646081948,69.0
114.178127474059,22.5677825311535,73.0
113.990763435615,22.5638244435893,66.5
114.123302633871,22.6315777017323,72.0
113.946203836112,22.6815574126063,72.0
114.111156285752,22.5470051749444,66.5
114.0502176654,22.5493806296082,67.0
114.031744934255,22.5342988046997,66.0
114.493609587007,22.5787279784552,85.0
114.043871991263,22.6404087152961,66.0
113.831527301883,22.7338322090264,65.5
113.900408872501,22.7856717283286,65.5
113.853852033528,22.7724830477487,66.0
113.78907951532901,22.7404093434381,72.0
114.027289854554,22.6614932964768,65.0
113.159491967779,23.4663327934283,72.0
113.887926800664,22.5819774592918,66.5
113.562851527771,22.8051790039117,72.0
114.140315372427,22.7052890344912,85.0
113.333153377047,23.1909642166212,65.5
113.943441614942,22.5239495360594,65.5
113.30579152751,23.0978520176137,65.0
114.053908802739,22.5271284915562,65.5
114.104955103158,22.5466030450199,67.0
114.144938591563,22.5751764354803,67.0
113.900111175851,22.5684783990602,65.5
114.065868116464,22.5382641984622,80.0
113.328810272924,23.1387561070194,65.0
113.601178905529,23.1433909799207,75.0
113.28906062063,23.1200324874268,80.0
113.30376769101,23.1354253191953,65.0
113.243143347333,23.1643204372819,66.0
113.412053885556,23.1258531131285,65.0
113.332338938238,23.1260611995584,65.5
113.331979797491,23.1526315749439,65.0
113.411186844672,23.1284220021568,80.0
113.271628398553,23.188455969486,80.0
113.393421646793,22.9429569540966,66.0
113.266406830693,23.0945011126069,66.5
113.270313368219,23.1967696624656,80.0
113.124366095163,23.005695836616,65.5
113.788434186424,23.0449075056443,65.5
113.120130016956,23.0327255181001,65.5
113.124130949323,23.0062112801321,65.5
113.751681280112,22.7775913935574,70.0
114.179051768446,22.7210375151079,70.5
114.172988181103,22.8123049141894,72.0
113.761810573039,22.801073004636,66.5
113.120797190255,23.0312231929567,65.5
113.871321006181,23.0559517080781,70.5
113.643302609506,22.9169247082038,71.5
114.127590783255,22.8773995767733,70.0
113.797148630807,23.0648320643372,66.5
113.681719877102,23.0102541618787,69.0
113.662638304127,23.061598763352,67.5
113.711922278254,23.0416214033427,68.5
113.693671167163,23.0854273134241,70.0
114.153499810477,22.8552256842654,70.0
113.823866505784,22.8054401830895,67.5
113.742463672955,22.822327887882,70.0
114.166906113819,22.8509409792328,70.0
114.17089092789,22.8503093107703,70.0
113.707651898251,23.005676034913,70.0
113.826672991858,23.0620925439786,68.0
113.645469398751,22.8447841362007,69.5
113.631544853978,22.8517147667039,67.5
113.853997648851,22.8613970561248,72.5
113.803729101343,22.8196359913028,65.0
114.156533919082,22.7956613516103,70.0
113.790786495221,22.8056751375083,67.0
113.615440171139,23.0006485235747,67.0
113.763894855302,22.7824964256032,66.0
113.047410471082,22.9599826103358,72.5
113.685852854091,23.0147858347414,68.5
113.767262814975,22.7813971598431,66.0
113.842971110415,23.0517083437427,69.5
113.772501843648,22.9914280505848,67.5
113.798738433932,23.0782913463907,69.0
113.798758391046,23.0628645421618,66.5
113.770091056211,23.0553868990725,65.5
114.062761463402,22.8001634735636,70.0
113.549906052461,23.0484554136479,75.0
113.809035656989,22.8210452694299,65.0
113.797833496682,22.7958978994958,68.0
113.737400338018,23.0606086523514,66.5
113.823368605583,23.0178395430925,69.0
113.814796412968,23.0582848424311,67.0
113.896613801214,22.9693645389803,69.5
113.768067630237,23.0146520620935,65.5
113.800023321624,22.9952256500461,71.0
113.832168844729,23.0586652539435,68.0
113.725147041239,22.9874480584181,68.0
113.732371574368,22.9931322469322,67.0
113.804578898355,23.0287129725023,66.0
113.734588322874,22.9741748502627,67.5
113.676795108485,22.9413278534327,66.0
113.255757350605,22.8433968694871,66.0
113.810219858108,23.0616798513549,67.0
112.899403058306,23.1793488547003,70.0
113.068851324902,23.1745526562453,75.0
112.87840230232,23.176777556242,70.0
112.907385715472,23.1694339716979,70.0
113.024751811431,23.2615298960726,75.0
112.893812550085,23.1686518599911,70.0
112.914899704195,23.1632181205162,70.0
112.84454078101,23.0705795085387,75.0
112.901982569526,22.9042229182472,75.0
113.2034172001,23.038668502773,70.0
113.171393135087,23.2030049778886,69.5
112.906063634338,23.1701889270547,70.0
113.226557750351,22.8779429180473,70.5
113.205158375788,23.1882857509082,68.0
113.177420842311,23.1176526030152,66.5
113.110448529325,23.1465983899744,67.5
113.191485208337,23.1223276296192,67.0
112.902415982172,23.1673058447853,70.0
113.199121080051,23.1043540831342,66.5
113.092755151871,23.1858571842096,75.0
113.142195274851,23.0667704175712,66.5
112.921450878294,23.0440368254211,71.5
113.000031758026,22.8366157391784,73.0
113.008964017539,23.0070736517263,73.5
112.971287414513,22.9534378642144,75.0
113.041381325849,23.0782653874698,70.0
113.015288870752,23.1136000139085,73.5
113.2034172001,23.038668502773,70.0
113.156188978369,23.0695963041142,66.0
112.892336616166,22.903113126007,73.0
113.135579080501,23.0636965078897,66.5
112.884142464646,22.9105595649827,75.0
113.170454746287,23.0386304064782,66.5
113.132115298896,23.0657334258076,66.5
112.904940835095,23.1566635900953,70.0
113.057661099931,23.0705953200904,66.0
113.089683174299,23.0723987956829,67.5
113.156351582446,23.0379121696856,65.5
112.88832892405,22.8962453837208,73.5
113.307528712027,23.3355556593312,67.5
113.089683174299,23.0723987956829,67.5
112.970763459859,23.0681764740523,72.5
113.147041134516,23.0437280570501,66.0
113.154622038916,23.0396461884037,65.5
113.017085872534,22.9879600740101,70.0
113.041882016009,23.0968614013705,73.0
113.165181581555,23.0147948092885,68.0
112.683258303145,22.8245226834435,75.0
113.137340153956,23.0411249226136,65.5
113.108061364898,23.0002230812856,67.0
112.885001154883,22.9011991118098,73.0
113.129028721165,23.0067591551232,65.0
113.088038588012,23.0348060377823,66.0
113.090144599704,23.0348960488659,66.0
112.970789906871,23.0057363854141,75.0
113.07259701903,23.0390570488889,66.0
113.062678084999,22.9408169212329,72.5
113.111573746807,23.0407652953817,65.0
113.10737208987,23.0387395974308,65.5
113.070423194968,23.0042101659913,66.5
113.071886353372,23.0488614986084,66.0
113.064006671661,23.0342933071827,66.0
113.121425020467,23.0304158077439,65.5
113.139314774692,23.020849501249,66.0
113.072310229606,22.9908324994785,68.0
113.14034911869,23.0263055575238,66.0
113.105616652684,23.0433406482801,65.5
113.057659469996,23.0299148275537,66.0
113.12023264297,23.0128103543391,66.0
113.121004643132,23.0451643289461,65.5
113.06518692922,23.0024026000191,67.0
113.1298659419,23.0300435166782,65.5
113.67609750868,22.914524735596,70.0
114.153990724557,22.8561568247489,70.0
113.092542767296,23.0094440004859,66.0
114.00208465958,22.9799456310705,67.0
113.146297253114,23.0103936002526,66.0
113.135566462902,23.0057602389096,65.5
113.675682632569,22.9436279752327,65.5
113.96781959271,23.0804329753525,70.0
113.940333894816,22.9322496901802,69.0
114.160893619398,22.7933995909888,70.0
113.78268970834,22.8001848760928,67.0
113.956267034415,22.9789226838562,70.0
113.780171847827,22.8311081741368,69.0
114.196704294559,22.7283175842834,72.0
114.057401414561,22.7810824907836,70.0
114.063232639014,22.7963311816439,70.0
113.809035656989,22.8210452694299,65.0
113.855765592247,23.0488373689981,70.0
113.809330215857,22.8197357594223,65.0
113.668950192994,22.922770135563,66.0
113.706687858337,22.8387027978275,68.5
113.833431230766,23.0312877339999,67.5
113.620642866499,22.9988913711559,66.5
114.101788080371,22.7920915007785,70.0
113.763837072117,22.9692111907922,71.5
114.042169117525,22.7678133746856,70.0
113.756615851938,23.0502978766506,65.5
113.677415476473,22.8188764003867,65.5
114.006817471989,22.8824543531031,75.0
114.16644492377,22.7406896029042,70.0
114.154279241422,22.9654733746607,75.0
114.178714153794,22.6979684232862,68.0
114.17415507996,22.9692050712888,75.0
113.856110740986,23.0350410631997,69.0
113.831151892824,23.02874532138,67.5
113.803077113899,23.1021459843495,69.5
113.841660492557,23.0230261000922,68.0
114.174437866534,22.8442148547205,70.0
113.834619040379,23.0637715622437,68.5
113.848423024468,23.0284963036582,68.0
114.17280891256,22.8448561052026,70.0
113.842256654806,23.0263155095615,67.5
113.053125232022,22.8576093516002,70.5
113.017085872534,22.9879600740101,69.0
113.187029876878,22.8485100847874,70.5
113.218275910739,22.884598405881,68.0
113.22408782342,22.9138948968317,74.0
113.246073168058,22.9652963044555,71.5
113.055362279538,22.8785231192173,75.0
113.055362279538,22.8785231192173,75.0
113.168230689167,22.709901727628,75.0
113.085522754975,23.0097420550132,65.5
113.252398406643,22.803630662197,72.5
113.155094249377,22.7203633425375,75.0
113.267790531992,22.8572715949298,68.0
113.292417323319,22.7678996653103,70.0
113.27797488925,22.8469006321086,68.0
113.180925088087,22.9095333434673,70.0
113.218367086951,22.9301721211053,72.5
113.138382886031,22.8663634695488,70.0
113.053481894344,22.8573761736994,70.5
113.241833078018,22.8225054564589,70.0
113.217936898324,22.8821412994344,68.5
113.2034172001,23.038668502773,70.0
113.256555405219,22.8527143126952,67.5
113.013931250855,23.1282410171152,71.0
113.211687200944,23.1010323160045,67.0
113.275591790733,22.8057463245352,72.0
113.105092598317,23.1463183060349,68.0
113.263175388622,22.8413902401261,66.0
113.26544497456,22.8479968450011,66.5
113.241833078018,22.8225054564589,70.0
113.252832115729,22.8413377965285,66.5
113.728878210665,22.8178291155714,72.0
113.625675911473,22.9133457843452,75.0
113.864423907207,23.1042585145758,72.0
113.14167326952,23.2543432887861,72.5
113.738957680873,22.8046147160884,72.0
113.08571823344,23.2297821786792,75.0
113.013931250855,23.1282410171152,75.0
113.106826651341,23.1507239282908,68.0
113.107472443172,23.0401469705316,65.5
113.215226958534,23.0350962096639,68.0
113.711024992321,23.0671216566109,72.0
113.985753238143,22.9689426342209,68.0
114.147304677072,22.8249515950992,75.0
113.806949257104,23.0298667434828,66.0
113.107355157709,23.0639742531614,66.5
113.663224470031,22.9246374356847,72.0
113.677128266642,22.9443423605056,65.5
114.174983888962,22.8444321776728,75.0
114.057401414561,22.7810824907836,69.0
114.014809217311,22.9178973547884,75.0
113.87562020652,23.0824818204854,68.5
114.109162080758,22.7884983701101,75.0
113.824963965626,23.1090441157491,72.0
113.668795077192,22.8886494830168,75.0
113.682687043119,22.8231151648424,65.5
113.976730290197,23.0214706869108,72.0
113.983753398078,22.8415806472933,75.0
113.721548430265,22.8019369732641,72.0
113.660367638426,23.0999697184324,68.0
113.67932364446,22.8206529271952,66.0
113.950923237718,23.000784269834,72.0
114.143999862305,22.7439453430623,75.0
113.706687858337,22.8387027978275,72.0
114.17366808878,22.7022856763495,75.0
113.734764672822,22.8291522954934,72.0
114.103597283837,23.0250614847676,75.0
114.139154251471,22.7482989235827,75.0
113.675043962504,22.8766088620577,75.0
114.275790353461,22.7359118422042,65.5
113.87562020652,23.0824818204854,68.5
114.154279241422,22.9654733746607,75.0
114.112857784184,22.8358629451655,75.0
113.950584289981,22.9456590628681,72.0
113.938165520835,23.0056171711805,72.0
113.22103719857,22.8889808795302,69.5
113.262949835787,22.766760474344,72.5
113.258954240253,22.8847994536314,73.0
113.258879341336,22.8442556528527,66.0
113.267032816684,22.9511921373438,75.0
113.161417171232,22.7112985335732,75.0
113.163389144961,23.2044587942103,75.0
113.291565936306,22.7836039192068,72.0
113.023625339017,23.2604804048825,75.0
113.768942907685,22.9870641976251,68.0
113.184764535666,23.0955424458077,85.0
113.183697797873,23.1035079563968,80.0
113.67932364446,22.8206529271952,66.0
113.88973869186,22.9896558558926,85.0
113.676795108485,22.9413278534327,72.0
114.096809684656,22.833992257428,72.0
112.92484586407,23.221138677572,75.0
113.791300864956,23.024293694452,66.5
113.67932364446,22.8206529271952,66.0
113.657281174779,23.0962141788758,68.0
113.919336448962,22.9704957404223,85.0
113.995516745558,23.0294146213547,85.0
113.88363678999,23.1175980334657,85.0
113.806716820553,22.8184991007943,65.0
113.678640867595,22.9629450030037,66.5
113.771058201567,23.0635445240355,65.5
113.747257394969,22.8002965692193,72.0
113.874114264706,23.0781565993019,67.5
113.587232366643,23.0598321533773,75.0
113.012003662401,23.1270333724732,72.0
113.73183708259,23.0423525405033,67.0
114.100226422955,22.8086981089585,85.0
113.81981570219,23.1050098142636,72.0
113.741403919488,23.0546665424943,66.0
113.663448043001,23.0571480063294,72.0
113.807775788003,23.0422956723757,66.0
113.881268016751,23.0037161609897,85.0
113.738185622321,23.0087768345489,72.0
113.887040884362,22.9381595638576,70.0
113.715671602434,23.050802973719,72.0
113.728526388413,23.0832246049506,66.5
113.754890746037,23.0543426926731,65.5
114.024871476885,22.9166930484938,72.0
113.746607957814,23.0260996458756,66.5
114.023446723923,23.0732836216131,85.0
113.950534371144,23.0863688268226,72.0
113.111198007171,23.138716748176,85.0
114.02085788919,22.9880788465572,66.0
112.92608125962,23.0432640719596,85.0
112.922148208607,23.061022998073,80.0
113.945322628052,22.9408117474556,72.0
113.762143365587,22.9958708444062,72.0
113.84836931568,22.9133414171648,72.0
113.730314028056,22.9733332699073,67.5
112.929911359432,23.1127608293168,70.0
113.164835494985,23.1235871810544,68.0
113.743130759118,23.0591386340413,66.0
113.025536318701,23.0681283794355,80.0
113.752357670924,23.0972442086687,71.0
113.185160535684,23.1988536579718,85.0
113.182621538042,23.0934829483957,85.0
113.089087363288,23.2319069152492,85.0
113.062378415671,23.0627911897857,85.0
113.105684107343,23.062334149945,66.5
113.180840492262,23.1097103215366,85.0
113.082718812903,23.2292311126214,85.0
112.930563684639,23.1150190928058,70.0
113.116939915803,23.1152677456473,85.0
113.287397853538,22.8025686356877,85.0
112.921689887746,23.0600749433877,85.0
113.109264614765,23.1502912237444,67.5
113.130968681083,23.110656485148,85.0
113.057277936699,23.0650595011001,72.0
113.899085229213,22.9359515728405,80.0
113.861314181041,23.1145839344212,72.0
113.847587430565,22.9067297737592,72.0
114.074039829211,22.909766201816,80.0
113.836965417065,23.1146532512226,72.0
113.773177736349,23.0390982506854,65.5
114.159286453825,22.8467040067956,85.0
113.116939915803,23.1152677456473,85.0
113.139840112737,22.8640296541497,72.0
113.090602899005,22.9662958675475,72.0
113.089718547773,22.964117958076,72.0
113.08996379955,22.9588149646884,72.0
113.081987000235,22.8896740066287,74.0
113.12539121536,23.1127516798931,80.0
113.095785867576,22.9642070520217,72.0
113.107183817611,22.9604996933944,72.0
113.05707444984,23.0636785372865,72.0
113.092568377088,22.9653213803937,72.0
113.085642361659,23.0095891526153,72.0
113.164103868266,22.7898213335287,74.0
113.088398158149,23.0418187677355,72.0
113.097867107594,22.9681791710674,72.0
113.140925647573,22.9945666637602,72.0
113.016650621057,22.9788820160337,72.0
113.09004145357,22.9456383638471,72.0
113.154870338644,23.0666723454291,65.5
113.760312199449,23.0128081082158,66.0
112.876192460885,23.1790300071117,80.0
113.151774758095,23.1234111293555,85.0
113.125784041664,23.0440623974563,65.5
113.280151555364,22.8332623991325,72.0
113.827731195748,22.8146759735082,85.0
113.771188397476,23.0636739781751,65.5
113.110382335887,23.1232943054161,85.0
